Dates,Step Count
9.01.2020,2856
10.01.2020,3764
11.01.2020,5915
12.01.2020,2454
13.01.2020,2035
14.01.2020,1931
15.01.2020,2395
16.01.2020,998
17.01.2020,6986
18.01.2020,6764
19.01.2020,6295
20.01.2020,11737
21.01.2020,7767
22.01.2020,10636
23.01.2020,25274
24.01.2020,15631
25.01.2020,8432
26.01.2020,6589
27.01.2020,2927
28.01.2020,9836
29.01.2020,10335
30.01.2020,6503
31.01.2020,4296
1.02.2020,2064
2.02.2020,4591
3.02.2020,3370
4.02.2020,1781
5.02.2020,1094
6.02.2020,8086
7.02.2020,3564
8.02.2020,5316
9.02.2020,2365
10.02.2020,2747
11.02.2020,3063
12.02.2020,2281
13.02.2020,2242
14.02.2020,3381
15.02.2020,8723
16.02.2020,3803
17.02.2020,1389
18.02.2020,1619
19.02.2020,3540
20.02.2020,2258
21.02.2020,4118
22.02.2020,6412
23.02.2020,672
24.02.2020,2288
25.02.2020,2119
26.02.2020,1721
27.02.2020,1869
28.02.2020,2712
29.02.2020,3690
1.03.2020,554
2.03.2020,2639
3.03.2020,5220
4.03.2020,2088
5.03.2020,2008
6.03.2020,1843
7.03.2020,6208
8.03.2020,4667
9.03.2020,2762
10.03.2020,1532
11.03.2020,1618
12.03.2020,5042
13.03.2020,6091
14.03.2020,3574
15.03.2020,1562
16.03.2020,601
17.03.2020,1053
18.03.2020,608
19.03.2020,2562
20.03.2020,249
21.03.2020,8418
22.03.2020,518
23.03.2020,478
24.03.2020,235
25.03.2020,1933
26.03.2020,7672
27.03.2020,4845
28.03.2020,490
29.03.2020,6322
30.03.2020,441
31.03.2020,533
1.04.2020,2070
2.04.2020,1976
3.04.2020,371
4.04.2020,574
5.04.2020,385
6.04.2020,432
7.04.2020,320
8.04.2020,764
9.04.2020,3384
10.04.2020,747
11.04.2020,592
12.04.2020,428
13.04.2020,4578
14.04.2020,1673
15.04.2020,575
16.04.2020,580
17.04.2020,830
18.04.2020,399
19.04.2020,617
20.04.2020,1762
21.04.2020,474
22.04.2020,721
23.04.2020,484
24.04.2020,427
25.04.2020,4301
26.04.2020,3206
27.04.2020,966
28.04.2020,489
29.04.2020,650
30.04.2020,775
1.05.2020,3358
2.05.2020,392
3.05.2020,588
4.05.2020,426
5.05.2020,5554
6.05.2020,1763
7.05.2020,1138
8.05.2020,390
9.05.2020,537
10.05.2020,1431
11.05.2020,369.38
12.05.2020,319
13.05.2020,2737
14.05.2020,597
15.05.2020,3526
16.05.2020,1162
17.05.2020,694
18.05.2020,848
19.05.2020,2248
20.05.2020,1111
21.05.2020,3513
22.05.2020,5032
23.05.2020,628
24.05.2020,5694
25.05.2020,650
26.05.2020,595
27.05.2020,3976
28.05.2020,411
29.05.2020,6237
30.05.2020,2709
31.05.2020,637
1.06.2020,421
2.06.2020,1084
3.06.2020,6341
4.06.2020,1474
5.06.2020,8967
6.06.2020,5774
7.06.2020,954
8.06.2020,3728
9.06.2020,9536
10.06.2020,9132
11.06.2020,1822
12.06.2020,18303
13.06.2020,11954
14.06.2020,11697
15.06.2020,5013
16.06.2020,11840
17.06.2020,12990
18.06.2020,4839
19.06.2020,3603
20.06.2020,3048
21.06.2020,4280
22.06.2020,1970
23.06.2020,458
24.06.2020,3611
25.06.2020,2105
26.06.2020,12123
27.06.2020,905.58
28.06.2020,5388
29.06.2020,4621
30.06.2020,3710
1.07.2020,8118
2.07.2020,5745
3.07.2020,1436
4.07.2020,3689
5.07.2020,3440
6.07.2020,1799
7.07.2020,4005
8.07.2020,8702
9.07.2020,3688
10.07.2020,3603
11.07.2020,1869
12.07.2020,5266
13.07.2020,5601
14.07.2020,5725
15.07.2020,6135
16.07.2020,7623
17.07.2020,3651
18.07.2020,4455
19.07.2020,5614
20.07.2020,6007
21.07.2020,6539
22.07.2020,4333
23.07.2020,6721
24.07.2020,2215
25.07.2020,1043
26.07.2020,4840
27.07.2020,2803
28.07.2020,4001
29.07.2020,5143
30.07.2020,3517
31.07.2020,5017
1.08.2020,2208
2.08.2020,2681
3.08.2020,1250
4.08.2020,4637
5.08.2020,3853
6.08.2020,445
7.08.2020,1794
8.08.2020,189
9.08.2020,894
10.08.2020,6304
11.08.2020,1794
12.08.2020,2357
13.08.2020,346
14.08.2020,1387
15.08.2020,4243
16.08.2020,523
17.08.2020,155
18.08.2020,327
19.08.2020,590
20.08.2020,2514
21.08.2020,574
22.08.2020,4339
23.08.2020,1363
24.08.2020,282
25.08.2020,573
26.08.2020,1791
27.08.2020,574
28.08.2020,644
29.08.2020,6455
30.08.2020,2238
31.08.2020,1990
1.09.2020,1890
2.09.2020,2659
3.09.2020,553
4.09.2020,2210
5.09.2020,2122
6.09.2020,1384
7.09.2020,1601
8.09.2020,2467
9.09.2020,1904
10.09.2020,1833
11.09.2020,2805
12.09.2020,437
13.09.2020,478
14.09.2020,461
15.09.2020,1016
16.09.2020,575
17.09.2020,1691
18.09.2020,1075
19.09.2020,3278
20.09.2020,2038
21.09.2020,1561
22.09.2020,1697
23.09.2020,1938
24.09.2020,1550
25.09.2020,3021
26.09.2020,6175
27.09.2020,5851
28.09.2020,2504
29.09.2020,1724
30.09.2020,2314
1.10.2020,1866
2.10.2020,5391
3.10.2020,4434
4.10.2020,486
5.10.2020,3741
6.10.2020,1681
7.10.2020,1617
8.10.2020,2078
9.10.2020,4808
10.10.2020,806.4
11.10.2020,1207
12.10.2020,2235
13.10.2020,3505
14.10.2020,2364
15.10.2020,2365
16.10.2020,3942
17.10.2020,1556
18.10.2020,2611
19.10.2020,230
20.10.2020,1544
21.10.2020,1920
22.10.2020,2089
23.10.2020,2998
24.10.2020,5203
25.10.2020,679
26.10.2020,1558
27.10.2020,2556
28.10.2020,13980
29.10.2020,219
30.10.2020,2068
31.10.2020,2912
1.11.2020,365
2.11.2020,1784
3.11.2020,1816
4.11.2020,1772
5.11.2020,1742
6.11.2020,4776
7.11.2020,1650
8.11.2020,294
9.11.2020,1516
10.11.2020,2389
11.11.2020,1929
12.11.2020,1472
13.11.2020,3220
14.11.2020,12711
15.11.2020,441
16.11.2020,579
17.11.2020,1281
18.11.2020,1033
19.11.2020,1067
20.11.2020,3097
21.11.2020,453
22.11.2020,716
23.11.2020,536
24.11.2020,1762
25.11.2020,337
26.11.2020,615
27.11.2020,1424
28.11.2020,3287
29.11.2020,1265
30.11.2020,347
1.12.2020,331
2.12.2020,261
3.12.2020,275
4.12.2020,3183
5.12.2020,2147
6.12.2020,1581
7.12.2020,1101
8.12.2020,549
9.12.2020,743
10.12.2020,538
11.12.2020,1296
12.12.2020,1867
13.12.2020,1942
14.12.2020,1678
15.12.2020,1788
16.12.2020,11128
17.12.2020,1778
18.12.2020,3130
19.12.2020,3935
20.12.2020,2930
21.12.2020,1979
22.12.2020,3215
23.12.2020,3936
24.12.2020,1900
25.12.2020,4958
26.12.2020,4838
27.12.2020,1524
28.12.2020,1834
29.12.2020,1699
30.12.2020,1515
31.12.2020,3637
1.01.2021,8770
2.01.2021,2605
3.01.2021,945
4.01.2021,6985
5.01.2021,2397
6.01.2021,2812
7.01.2021,2106
8.01.2021,8832
9.01.2021,1901
10.01.2021,2784
11.01.2021,1974
12.01.2021,2399
13.01.2021,3664
14.01.2021,3348
15.01.2021,2778
16.01.2021,2595
17.01.2021,1590
18.01.2021,2350
19.01.2021,2434
20.01.2021,2519
21.01.2021,3082
22.01.2021,9692
23.01.2021,3001
24.01.2021,2700
25.01.2021,3332
26.01.2021,1776
27.01.2021,191
28.01.2021,344
29.01.2021,1283
30.01.2021,432
31.01.2021,1931
1.02.2021,3712
2.02.2021,4451
3.02.2021,69
4.02.2021,1616
5.02.2021,3053
6.02.2021,38
7.02.2021,4037
8.02.2021,4378
9.02.2021,1201
10.02.2021,3305
11.02.2021,3887
12.02.2021,3773
13.02.2021,90
14.02.2021,99
15.02.2021,3132
16.02.2021,4043
17.02.2021,3221
18.02.2021,4712
19.02.2021,4507
20.02.2021,163
21.02.2021,379
22.02.2021,4740
23.02.2021,4137
24.02.2021,4359
25.02.2021,3617
26.02.2021,7414
27.02.2021,383
28.02.2021,3616
1.03.2021,2685
2.03.2021,4306
3.03.2021,3796
4.03.2021,4583
5.03.2021,3770
6.03.2021,1475
7.03.2021,3355
8.03.2021,4272
9.03.2021,3663
10.03.2021,5282
11.03.2021,5721
12.03.2021,8768
13.03.2021,4557
14.03.2021,163
15.03.2021,1228
16.03.2021,5201
17.03.2021,3246
18.03.2021,3703
19.03.2021,4936
20.03.2021,2106
21.03.2021,120
22.03.2021,4987
23.03.2021,3530
24.03.2021,83
25.03.2021,3354
26.03.2021,3574
27.03.2021,1239
28.03.2021,32
29.03.2021,4634
30.03.2021,3459
31.03.2021,3637
1.04.2021,4053
2.04.2021,1698
3.04.2021,1034
4.04.2021,1183
5.04.2021,3828
6.04.2021,4273
7.04.2021,2659
8.04.2021,3625
9.04.2021,6637
10.04.2021,288
11.04.2021,2605
12.04.2021,3453
13.04.2021,2862
14.04.2021,1917
15.04.2021,3368
16.04.2021,5291
17.04.2021,157
18.04.2021,5323
19.04.2021,3712
20.04.2021,1135
21.04.2021,3536
22.04.2021,3888
23.04.2021,1393
24.04.2021,2366
25.04.2021,243
26.04.2021,2573
27.04.2021,3946
28.04.2021,4583
29.04.2021,1489
30.04.2021,1911
1.05.2021,361
2.05.2021,1262
3.05.2021,55
4.05.2021,415
6.05.2021,1512
7.05.2021,1232
8.05.2021,487
9.05.2021,1054
10.05.2021,1602
11.05.2021,926
12.05.2021,541
13.05.2021,1444
14.05.2021,272
15.05.2021,2925
16.05.2021,179
17.05.2021,3762
18.05.2021,1036
19.05.2021,3146
20.05.2021,2176
21.05.2021,404
22.05.2021,1483
23.05.2021,1957
24.05.2021,1636
25.05.2021,3051
26.05.2021,2479
27.05.2021,1456
28.05.2021,190
29.05.2021,741
30.05.2021,1111
31.05.2021,1834
1.06.2021,1746
2.06.2021,1665
3.06.2021,4791
4.06.2021,2145
5.06.2021,1174
6.06.2021,791.47
7.06.2021,2885
8.06.2021,2318
9.06.2021,516
10.06.2021,1324
11.06.2021,1314
12.06.2021,6542
13.06.2021,3480
14.06.2021,4584
15.06.2021,1731
16.06.2021,6640
17.06.2021,1790
18.06.2021,1373
19.06.2021,2175
20.06.2021,3232
21.06.2021,9150
22.06.2021,2787
23.06.2021,6729
24.06.2021,3467
25.06.2021,5317
26.06.2021,3830
27.06.2021,4861
28.06.2021,11249
29.06.2021,3515
30.06.2021,3401
1.07.2021,5621
2.07.2021,11038
3.07.2021,4254
4.07.2021,5323
5.07.2021,7664
6.07.2021,3573
7.07.2021,6961
8.07.2021,4951
9.07.2021,3194
10.07.2021,1436
11.07.2021,3485
12.07.2021,3876
13.07.2021,10323
14.07.2021,3610
15.07.2021,4831
16.07.2021,2964
17.07.2021,7394
18.07.2021,7934
19.07.2021,4248
20.07.2021,1429
21.07.2021,4163
22.07.2021,6464
23.07.2021,2248
24.07.2021,2601
25.07.2021,3465
26.07.2021,3451
27.07.2021,5671
28.07.2021,10028
29.07.2021,3819
30.07.2021,8818
31.07.2021,2559
1.08.2021,9129
2.08.2021,5111
3.08.2021,188
4.08.2021,4428
5.08.2021,4272
6.08.2021,3083
7.08.2021,6111
8.08.2021,2743
9.08.2021,4145
10.08.2021,1243
11.08.2021,1398
12.08.2021,3069
13.08.2021,5701
14.08.2021,1925
15.08.2021,380
16.08.2021,7939
17.08.2021,5504
18.08.2021,1809
19.08.2021,10447
20.08.2021,1679
21.08.2021,7105
22.08.2021,7857
23.08.2021,5816
24.08.2021,2634
25.08.2021,5635
26.08.2021,2342
27.08.2021,2750
28.08.2021,6540
29.08.2021,9875
30.08.2021,5086
31.08.2021,10840
1.09.2021,16253
2.09.2021,3630
3.09.2021,6380
4.09.2021,3082
5.09.2021,7933
6.09.2021,958
7.09.2021,286
8.09.2021,789
9.09.2021,3893
10.09.2021,4780
11.09.2021,1125
12.09.2021,1154
13.09.2021,5078
14.09.2021,16727
15.09.2021,1360
16.09.2021,2477
17.09.2021,5651
18.09.2021,7637
19.09.2021,3223
20.09.2021,6313
21.09.2021,1707
22.09.2021,424
23.09.2021,9839
24.09.2021,12250
25.09.2021,9672
26.09.2021,9666
27.09.2021,12417
28.09.2021,4295
29.09.2021,5504
30.09.2021,8083
1.10.2021,5568
2.10.2021,9942
3.10.2021,7170
4.10.2021,5451
5.10.2021,872
6.10.2021,9041
7.10.2021,2745
8.10.2021,1688
9.10.2021,12182
10.10.2021,2365
11.10.2021,8537
12.10.2021,9627
13.10.2021,10760
14.10.2021,6769
15.10.2021,7351
16.10.2021,13894
17.10.2021,6724
18.10.2021,8432
19.10.2021,19791
20.10.2021,14005
21.10.2021,11352
22.10.2021,16639
23.10.2021,13858
24.10.2021,4215
25.10.2021,4666
26.10.2021,5980
27.10.2021,7384
28.10.2021,5748
29.10.2021,6589
30.10.2021,10119
31.10.2021,11725
1.11.2021,3616
2.11.2021,8030
3.11.2021,8654
4.11.2021,2595
5.11.2021,4478
6.11.2021,10148
7.11.2021,2271
8.11.2021,2644
9.11.2021,6286
10.11.2021,9681
11.11.2021,4426
12.11.2021,6144
13.11.2021,9377
14.11.2021,9249
15.11.2021,3678
16.11.2021,1972
17.11.2021,12303
18.11.2021,5387
19.11.2021,3423
20.11.2021,4535
21.11.2021,8710
22.11.2021,6574
23.11.2021,2143
24.11.2021,3177
25.11.2021,2569
26.11.2021,1966
27.11.2021,13383
28.11.2021,1302
29.11.2021,4258
30.11.2021,5384
1.12.2021,16480
2.12.2021,4206
3.12.2021,8929
4.12.2021,14652
5.12.2021,2679
6.12.2021,334
7.12.2021,387
8.12.2021,3931
9.12.2021,663
10.12.2021,364
11.12.2021,7420
12.12.2021,479
13.12.2021,4356
14.12.2021,2726
15.12.2021,13281
16.12.2021,3159
17.12.2021,6762
18.12.2021,4507
19.12.2021,4213
20.12.2021,4652
21.12.2021,1748
22.12.2021,8134
23.12.2021,1585
24.12.2021,2222
25.12.2021,14552
26.12.2021,6543
27.12.2021,6459
28.12.2021,4405
29.12.2021,3079
30.12.2021,6280
31.12.2021,970.29
1.01.2022,4603
2.01.2022,623
3.01.2022,110
4.01.2022,158
5.01.2022,214
6.01.2022,337
7.01.2022,9122
8.01.2022,2137
9.01.2022,348.95
10.01.2022,363
11.01.2022,549
12.01.2022,4154
13.01.2022,510
14.01.2022,6811
15.01.2022,2003
16.01.2022,1874
17.01.2022,282
18.01.2022,6428
19.01.2022,5879
20.01.2022,4547
21.01.2022,6287
22.01.2022,4344
23.01.2022,2477
24.01.2022,8773
25.01.2022,7602
26.01.2022,4953
27.01.2022,658
28.01.2022,4195
29.01.2022,6927
30.01.2022,682.23
31.01.2022,1492
1.02.2022,669
2.02.2022,564
3.02.2022,41
4.02.2022,1295
5.02.2022,56
6.02.2022,38
7.02.2022,36
8.02.2022,86
9.02.2022,67
10.02.2022,125
11.02.2022,160
12.02.2022,278
13.02.2022,1714
14.02.2022,1149
15.02.2022,1015
16.02.2022,647
17.02.2022,4280
18.02.2022,11168
19.02.2022,7206
20.02.2022,2778
21.02.2022,10038
22.02.2022,6134
23.02.2022,9374
24.02.2022,12776
25.02.2022,2974
26.02.2022,613
27.02.2022,4486
28.02.2022,8236
1.03.2022,4338
2.03.2022,1306
3.03.2022,3541
4.03.2022,6508
5.03.2022,8855
6.03.2022,3418
7.03.2022,6256
8.03.2022,2163
9.03.2022,2406
10.03.2022,62
11.03.2022,466
12.03.2022,2477
13.03.2022,1522
14.03.2022,6593
15.03.2022,3674
16.03.2022,2673
17.03.2022,2381
18.03.2022,8732
19.03.2022,4895
20.03.2022,5115
21.03.2022,8094
22.03.2022,1253
23.03.2022,3241
24.03.2022,4112
25.03.2022,4051
26.03.2022,5438
27.03.2022,18342
28.03.2022,7945
29.03.2022,5495
30.03.2022,9522
31.03.2022,1025
1.04.2022,14356
2.04.2022,15260
3.04.2022,15485
4.04.2022,4933
5.04.2022,5528
6.04.2022,4433
7.04.2022,2877
8.04.2022,3385
9.04.2022,3415
10.04.2022,5586
11.04.2022,2232
12.04.2022,4638
13.04.2022,5402
14.04.2022,6557
15.04.2022,6602
16.04.2022,11400
17.04.2022,2447
18.04.2022,1619
19.04.2022,5084
20.04.2022,6136
21.04.2022,2391
22.04.2022,9569
23.04.2022,15866
24.04.2022,6232
25.04.2022,5305
26.04.2022,2400
27.04.2022,4843
28.04.2022,2162
29.04.2022,4388
30.04.2022,2473
1.05.2022,4686
2.05.2022,1364
3.05.2022,7863
4.05.2022,8956
5.05.2022,9944
6.05.2022,8539
7.05.2022,851
8.05.2022,644
9.05.2022,3459
10.05.2022,5619
11.05.2022,5323
12.05.2022,4129
13.05.2022,9750
14.05.2022,15066
15.05.2022,74
16.05.2022,2866
17.05.2022,3934
18.05.2022,1404
19.05.2022,2382
20.05.2022,11056
21.05.2022,8783
22.05.2022,5741
23.05.2022,1757
24.05.2022,3705
25.05.2022,2775
26.05.2022,171
27.05.2022,8527
28.05.2022,6376
29.05.2022,3810
30.05.2022,2745
31.05.2022,2460
1.06.2022,13182
2.06.2022,5426
3.06.2022,14430
4.06.2022,8027
5.06.2022,7337
6.06.2022,8345
7.06.2022,10655
8.06.2022,8446
9.06.2022,7285
10.06.2022,6631
11.06.2022,3182
12.06.2022,10
13.06.2022,4575
14.06.2022,5131
15.06.2022,4754
16.06.2022,3401
17.06.2022,6703
18.06.2022,2090
19.06.2022,5231
20.06.2022,8176
21.06.2022,4401
22.06.2022,6172
23.06.2022,9697
24.06.2022,4884
25.06.2022,6146
26.06.2022,2628
27.06.2022,5448
28.06.2022,11761
29.06.2022,7476
30.06.2022,10588
1.07.2022,15660
2.07.2022,3683
3.07.2022,910
4.07.2022,2011
5.07.2022,858
6.07.2022,2465
7.07.2022,10553
8.07.2022,550.84
9.07.2022,603
10.07.2022,7574
11.07.2022,1474
12.07.2022,4829
13.07.2022,2327
14.07.2022,2948
15.07.2022,14090
16.07.2022,11947
17.07.2022,11534
18.07.2022,18134
19.07.2022,11349
20.07.2022,5113
21.07.2022,2974
22.07.2022,7160
23.07.2022,3566
24.07.2022,11238
25.07.2022,2029
26.07.2022,966.32
27.07.2022,9164
28.07.2022,3644
29.07.2022,5371
30.07.2022,5691
31.07.2022,3996
1.08.2022,3092
2.08.2022,5898
3.08.2022,1960
4.08.2022,7048
5.08.2022,3154
6.08.2022,3074
7.08.2022,4534
8.08.2022,10343
9.08.2022,9219
10.08.2022,12501
11.08.2022,9557
12.08.2022,3731
13.08.2022,601
14.08.2022,3418
15.08.2022,808
16.08.2022,6782
17.08.2022,861.84
18.08.2022,3567
19.08.2022,3531
20.08.2022,1584
21.08.2022,1221
22.08.2022,5082
23.08.2022,8824
24.08.2022,4397
25.08.2022,4057
26.08.2022,4939
27.08.2022,1744
28.08.2022,5713
29.08.2022,4342
30.08.2022,2786
31.08.2022,10100
1.09.2022,6147
2.09.2022,9366
3.09.2022,1737
4.09.2022,6145
5.09.2022,4856
6.09.2022,7010
7.09.2022,1157
8.09.2022,8863
9.09.2022,6104
10.09.2022,11679
11.09.2022,1185
12.09.2022,8942
13.09.2022,13046
14.09.2022,5199
15.09.2022,9367
16.09.2022,4675
17.09.2022,2029
18.09.2022,3222
19.09.2022,2136
20.09.2022,1385
21.09.2022,1676
22.09.2022,5358
23.09.2022,2707
24.09.2022,1398
25.09.2022,4579
26.09.2022,8614
27.09.2022,6006
28.09.2022,1662
29.09.2022,1797
30.09.2022,2065
1.10.2022,12519
2.10.2022,4527
3.10.2022,8746
4.10.2022,7831
5.10.2022,9066
6.10.2022,5765
7.10.2022,6905
8.10.2022,12682
9.10.2022,9151
10.10.2022,6033
11.10.2022,7672
12.10.2022,7976
13.10.2022,9486
14.10.2022,9885
15.10.2022,6545
16.10.2022,2180
17.10.2022,8168
18.10.2022,7306
19.10.2022,8505
20.10.2022,7811
21.10.2022,11409
22.10.2022,9622
23.10.2022,5132
24.10.2022,9886
25.10.2022,8034
26.10.2022,6092
27.10.2022,6130
28.10.2022,12275
29.10.2022,3774
30.10.2022,3237
31.10.2022,8626
1.11.2022,9170
2.11.2022,7356
3.11.2022,7523
4.11.2022,5160
5.11.2022,1656
6.11.2022,1465
7.11.2022,9722
8.11.2022,6806
9.11.2022,5477
10.11.2022,8803
11.11.2022,8252
12.11.2022,7763
13.11.2022,1424
14.11.2022,5881
15.11.2022,7216
16.11.2022,8242
17.11.2022,9063
18.11.2022,5889
19.11.2022,5516
20.11.2022,2064
21.11.2022,6841
22.11.2022,7593
23.11.2022,9244
24.11.2022,4646
25.11.2022,3720
26.11.2022,5331
27.11.2022,140
28.11.2022,8658
29.11.2022,4557
30.11.2022,5066
1.12.2022,5953
2.12.2022,5753
3.12.2022,6270
4.12.2022,2709
5.12.2022,4732
6.12.2022,6631
7.12.2022,4714
8.12.2022,3861
9.12.2022,3656
10.12.2022,9915
11.12.2022,757
12.12.2022,5279
13.12.2022,5008
14.12.2022,4416
15.12.2022,5247
16.12.2022,2888
17.12.2022,724
18.12.2022,3299
19.12.2022,5443
20.12.2022,4594
21.12.2022,4277
22.12.2022,4199
23.12.2022,5015
24.12.2022,4022
25.12.2022,2618
26.12.2022,3517
27.12.2022,6615
28.12.2022,3558
29.12.2022,5566
30.12.2022,10490
31.12.2022,6945
1.01.2023,6674
2.01.2023,4073
3.01.2023,3392
4.01.2023,3925
5.01.2023,4636
6.01.2023,2828
7.01.2023,1849
8.01.2023,3554
9.01.2023,5600
10.01.2023,1006
11.01.2023,2952
12.01.2023,2381
13.01.2023,4837
14.01.2023,2195
15.01.2023,2658
16.01.2023,4542
17.01.2023,2265
18.01.2023,1660
19.01.2023,1706
20.01.2023,4936
21.01.2023,8447
22.01.2023,7289
23.01.2023,4530
24.01.2023,4015
25.01.2023,3560
26.01.2023,2692
27.01.2023,1353
28.01.2023,3678
29.01.2023,3593
30.01.2023,8419
31.01.2023,2596
1.02.2023,1779
2.02.2023,4783
3.02.2023,2093
4.02.2023,2841
5.02.2023,1646
6.02.2023,1641
7.02.2023,1080
8.02.2023,2321
9.02.2023,6835
10.02.2023,8430
11.02.2023,3816
12.02.2023,2542
13.02.2023,1296
14.02.2023,7760
15.02.2023,1943
16.02.2023,4354
17.02.2023,1477
18.02.2023,3369
19.02.2023,5936
20.02.2023,2541
21.02.2023,1809
22.02.2023,2264
23.02.2023,2303
24.02.2023,1475
25.02.2023,7960
26.02.2023,5115
27.02.2023,3479
28.02.2023,1258
1.03.2023,295
2.03.2023,2505
3.03.2023,5290
4.03.2023,6304
5.03.2023,2134
6.03.2023,2389
7.03.2023,1988
8.03.2023,3363
9.03.2023,2171
10.03.2023,2717
11.03.2023,1674
12.03.2023,3360
13.03.2023,4631
14.03.2023,3651
15.03.2023,1565
16.03.2023,1326
17.03.2023,2366
18.03.2023,3476
19.03.2023,6109
20.03.2023,4562
21.03.2023,3011
22.03.2023,2070
23.03.2023,2358
24.03.2023,2887
25.03.2023,4396
26.03.2023,632
27.03.2023,2030
28.03.2023,2182
29.03.2023,836
30.03.2023,1739
31.03.2023,1345
1.04.2023,811
2.04.2023,3171
3.04.2023,3445
4.04.2023,1489
5.04.2023,2268
6.04.2023,5273
7.04.2023,4129
8.04.2023,6673
9.04.2023,2261
10.04.2023,346
11.04.2023,316
12.04.2023,495
13.04.2023,1972
14.04.2023,2779
15.04.2023,3813
16.04.2023,2302
17.04.2023,2989
18.04.2023,333
19.04.2023,4366
20.04.2023,4341
21.04.2023,3119
22.04.2023,1353
23.04.2023,6608
24.04.2023,2973
25.04.2023,1868
26.04.2023,1582
27.04.2023,320
28.04.2023,2927
29.04.2023,1487
30.04.2023,1466
1.05.2023,1165
2.05.2023,478
3.05.2023,2136
4.05.2023,1011
5.05.2023,2026
6.05.2023,669
7.05.2023,2810
8.05.2023,6077
9.05.2023,4225
10.05.2023,7741
11.05.2023,2779
12.05.2023,2813
13.05.2023,17179
14.05.2023,2235
15.05.2023,776
16.05.2023,5976
17.05.2023,5802
18.05.2023,1262
19.05.2023,3288
20.05.2023,5874
21.05.2023,1275
22.05.2023,2403
23.05.2023,2007
24.05.2023,5092
25.05.2023,2234
26.05.2023,4255
27.05.2023,5161
28.05.2023,6077
29.05.2023,1689
30.05.2023,5067
31.05.2023,3359
1.06.2023,3507
2.06.2023,5195
3.06.2023,1846
4.06.2023,2248
5.06.2023,7562
6.06.2023,7492
7.06.2023,7325
8.06.2023,6557
9.06.2023,8669
10.06.2023,2561
11.06.2023,3368
12.06.2023,6306
13.06.2023,3899
14.06.2023,1360
15.06.2023,1293
16.06.2023,1258
17.06.2023,2167
18.06.2023,711.97
19.06.2023,1762
20.06.2023,6263
21.06.2023,5838
22.06.2023,5069
23.06.2023,2738
24.06.2023,5922
25.06.2023,2797
26.06.2023,3141
27.06.2023,2973
28.06.2023,1822
29.06.2023,4014
30.06.2023,1144
1.07.2023,2002
2.07.2023,6717
3.07.2023,1632
4.07.2023,3175
5.07.2023,3029
6.07.2023,4340
7.07.2023,3018
8.07.2023,4062
9.07.2023,3113
10.07.2023,3394
11.07.2023,3012
12.07.2023,2777
13.07.2023,2483
14.07.2023,4732
15.07.2023,3933
16.07.2023,3670
17.07.2023,2278
18.07.2023,3817
19.07.2023,6496
20.07.2023,4748
21.07.2023,3893
22.07.2023,2825
23.07.2023,2331
24.07.2023,3534
25.07.2023,2466
26.07.2023,3591
27.07.2023,1797
28.07.2023,2157
29.07.2023,3565
30.07.2023,961
31.07.2023,2001
1.08.2023,572
2.08.2023,202
3.08.2023,204
4.08.2023,1989
5.08.2023,270
6.08.2023,421
7.08.2023,3667
8.08.2023,1769
9.08.2023,2138
10.08.2023,3764
11.08.2023,7408
12.08.2023,2663
13.08.2023,1750
14.08.2023,1011
15.08.2023,3010
16.08.2023,9078
17.08.2023,1948
18.08.2023,563
19.08.2023,4612
20.08.2023,2425
21.08.2023,1599
22.08.2023,736
23.08.2023,573.01
24.08.2023,3846
25.08.2023,942
26.08.2023,3620
27.08.2023,3455
28.08.2023,1179
29.08.2023,3378
30.08.2023,4970
31.08.2023,862
1.09.2023,5159
2.09.2023,1730
3.09.2023,1226
4.09.2023,4529
5.09.2023,2586
6.09.2023,2939
7.09.2023,1231
8.09.2023,2844
9.09.2023,3192
10.09.2023,1188
11.09.2023,635
12.09.2023,302
13.09.2023,919
14.09.2023,149
15.09.2023,2143
16.09.2023,3008
17.09.2023,1829
18.09.2023,6863
19.09.2023,1664
20.09.2023,2338
21.09.2023,7140
22.09.2023,3834
23.09.2023,2933
24.09.2023,5210
25.09.2023,5456
26.09.2023,3082
27.09.2023,3532
28.09.2023,4051
29.09.2023,3787
30.09.2023,5676
1.10.2023,2565
2.10.2023,5610
3.10.2023,4895
4.10.2023,4208
5.10.2023,5014
6.10.2023,8611
7.10.2023,9590
8.10.2023,2607
9.10.2023,5530
10.10.2023,6559
11.10.2023,3885
12.10.2023,6113
13.10.2023,6588
14.10.2023,2422
15.10.2023,1834
16.10.2023,4823
17.10.2023,8560
18.10.2023,4530
19.10.2023,6286
20.10.2023,7077
21.10.2023,1400
22.10.2023,3961
23.10.2023,9364
24.10.2023,5419
25.10.2023,4581
26.10.2023,8089
27.10.2023,7243
28.10.2023,3477
29.10.2023,2005
30.10.2023,7386
31.10.2023,6623
1.11.2023,3868
2.11.2023,7911
3.11.2023,6756
4.11.2023,3900
5.11.2023,787
6.11.2023,6460
7.11.2023,7149
8.11.2023,6655
9.11.2023,4930
10.11.2023,6764
11.11.2023,4179
12.11.2023,5012
13.11.2023,4055
14.11.2023,8549
15.11.2023,3229
16.11.2023,10019
17.11.2023,3833
18.11.2023,4184
19.11.2023,2534
20.11.2023,3990
21.11.2023,5447
22.11.2023,3572
23.11.2023,7586
24.11.2023,5121
25.11.2023,12043
26.11.2023,311
27.11.2023,6899
28.11.2023,8212
29.11.2023,2112
30.11.2023,3450
1.12.2023,6067
2.12.2023,2498
3.12.2023,923
4.12.2023,7548
5.12.2023,3889
6.12.2023,6171
7.12.2023,4949
8.12.2023,4613
9.12.2023,2583
10.12.2023,618
11.12.2023,3991
12.12.2023,4620
13.12.2023,2412
14.12.2023,2227
15.12.2023,1930
16.12.2023,2960
17.12.2023,1923
18.12.2023,3308
19.12.2023,2619
20.12.2023,5107
21.12.2023,3168
22.12.2023,5737
23.12.2023,3491
24.12.2023,4950
25.12.2023,2152
26.12.2023,7142
27.12.2023,3274
28.12.2023,10970
29.12.2023,7436
30.12.2023,953
31.12.2023,851
1.01.2024,1185
2.01.2024,1903
3.01.2024,4736
4.01.2024,3615
5.01.2024,7224
6.01.2024,5996
7.01.2024,3134
8.01.2024,4134
9.01.2024,6204
10.01.2024,3435
11.01.2024,4071
12.01.2024,4057
13.01.2024,1694
14.01.2024,5380
15.01.2024,5252
16.01.2024,5534
17.01.2024,3326
18.01.2024,2506
19.01.2024,2457
20.01.2024,4500
21.01.2024,1146
22.01.2024,2404
23.01.2024,5443
24.01.2024,3404
25.01.2024,3786
26.01.2024,1145
27.01.2024,4165
28.01.2024,299
29.01.2024,484
30.01.2024,5244
31.01.2024,824
1.02.2024,999
2.02.2024,1913
3.02.2024,8077
4.02.2024,1300
5.02.2024,4285
6.02.2024,5649
7.02.2024,9550
8.02.2024,10528
9.02.2024,10537
10.02.2024,9809
11.02.2024,7723
12.02.2024,3515
13.02.2024,442
14.02.2024,878
15.02.2024,4957
16.02.2024,1121
17.02.2024,1829
18.02.2024,3004
19.02.2024,4933
20.02.2024,3027
21.02.2024,7021
22.02.2024,4751
23.02.2024,9802
24.02.2024,2116
25.02.2024,2103
26.02.2024,5117
27.02.2024,4039
28.02.2024,5920
29.02.2024,3761
1.03.2024,7963
2.03.2024,1964
3.03.2024,257
4.03.2024,8255
5.03.2024,3932
6.03.2024,5613
7.03.2024,5570
8.03.2024,8742
9.03.2024,9162
10.03.2024,1946
11.03.2024,3706
12.03.2024,3087
13.03.2024,6736
14.03.2024,5521
15.03.2024,3048
16.03.2024,1397
17.03.2024,5409
18.03.2024,5510
19.03.2024,4984
20.03.2024,5418
21.03.2024,3172
22.03.2024,8822
23.03.2024,1349
24.03.2024,3063
25.03.2024,3350
26.03.2024,5306
27.03.2024,4113
28.03.2024,1728
29.03.2024,7476
30.03.2024,8977
31.03.2024,904
1.04.2024,3242
2.04.2024,7212
3.04.2024,3298
4.04.2024,9341
5.04.2024,4230
6.04.2024,8016
7.04.2024,5272
8.04.2024,3564
9.04.2024,2940
10.04.2024,2369
11.04.2024,774.58
12.04.2024,3046
13.04.2024,5612
14.04.2024,3027
15.04.2024,2187
16.04.2024,4997
17.04.2024,4272
18.04.2024,2171
19.04.2024,3331
20.04.2024,1976
21.04.2024,1260
22.04.2024,5101
23.04.2024,528
24.04.2024,4586
25.04.2024,3848
26.04.2024,1914
27.04.2024,5165
28.04.2024,7421
29.04.2024,2835
30.04.2024,6243
1.05.2024,3305
2.05.2024,4802
3.05.2024,4801
4.05.2024,2267
5.05.2024,2118
6.05.2024,6157
7.05.2024,5863
8.05.2024,6242
9.05.2024,7571
10.05.2024,3840
11.05.2024,1659
12.05.2024,743
13.05.2024,5448
14.05.2024,3789
15.05.2024,5966
16.05.2024,4834
17.05.2024,11570
18.05.2024,11016
19.05.2024,2723
20.05.2024,5023
21.05.2024,2783
22.05.2024,5605
23.05.2024,6007
24.05.2024,2978
25.05.2024,2847
26.05.2024,292
27.05.2024,7335
28.05.2024,4685
29.05.2024,4873
30.05.2024,4356
31.05.2024,5568
1.06.2024,8133
2.06.2024,5714
3.06.2024,3588
4.06.2024,3164
5.06.2024,6407
6.06.2024,2176
7.06.2024,3628
8.06.2024,23600
9.06.2024,21004
10.06.2024,305
11.06.2024,13296
12.06.2024,13910
13.06.2024,292
14.06.2024,15169
15.06.2024,13459
16.06.2024,20483
17.06.2024,5614
18.06.2024,1655
19.06.2024,495
20.06.2024,946
21.06.2024,2546
22.06.2024,2615
23.06.2024,5085
24.06.2024,3179
25.06.2024,1484
26.06.2024,2985
27.06.2024,3235
28.06.2024,5428
29.06.2024,1446
30.06.2024,3739
1.07.2024,6174
2.07.2024,5456
3.07.2024,3861
4.07.2024,5153
5.07.2024,5786
6.07.2024,2263
7.07.2024,2085
8.07.2024,5414
9.07.2024,4459
10.07.2024,4393
11.07.2024,4207
12.07.2024,5235
13.07.2024,2842
14.07.2024,3810
15.07.2024,968
16.07.2024,4609
17.07.2024,4277
18.07.2024,4027
19.07.2024,4966
20.07.2024,4926
21.07.2024,948.34
22.07.2024,5319
23.07.2024,5136
24.07.2024,3663
25.07.2024,5169
26.07.2024,7356
27.07.2024,8290
28.07.2024,2071
29.07.2024,6989
30.07.2024,8466
31.07.2024,6839
1.08.2024,9353
2.08.2024,7813
3.08.2024,3882
4.08.2024,1410
5.08.2024,6921
6.08.2024,5550
7.08.2024,5717
8.08.2024,4364
9.08.2024,7262
10.08.2024,2975
11.08.2024,4244
12.08.2024,5185
13.08.2024,4914
14.08.2024,5533
15.08.2024,5097
16.08.2024,8294
17.08.2024,6611
18.08.2024,7655
19.08.2024,4148
20.08.2024,3715
21.08.2024,6844
22.08.2024,5094
23.08.2024,3919
24.08.2024,2254
25.08.2024,375
26.08.2024,7552
27.08.2024,10378
28.08.2024,11365
29.08.2024,9853
30.08.2024,8643
31.08.2024,1386
1.09.2024,1682
2.09.2024,4055
3.09.2024,4200
4.09.2024,4565
5.09.2024,2695
6.09.2024,2007
7.09.2024,6228
8.09.2024,1656
9.09.2024,3511
10.09.2024,3534
11.09.2024,3543
12.09.2024,5353
13.09.2024,6782
14.09.2024,4496
15.09.2024,1367
16.09.2024,4673
17.09.2024,6535
18.09.2024,9002
19.09.2024,6548
20.09.2024,5837
21.09.2024,7161
22.09.2024,6053
23.09.2024,6049
24.09.2024,4739
25.09.2024,6725
26.09.2024,5173
27.09.2024,8858
28.09.2024,5161
29.09.2024,4997
30.09.2024,6288
1.10.2024,6696
2.10.2024,8451
3.10.2024,4975
4.10.2024,3281
5.10.2024,1866
6.10.2024,1351
7.10.2024,5453
8.10.2024,5268
9.10.2024,4575
10.10.2024,352
11.10.2024,3557
12.10.2024,5345
13.10.2024,191
14.10.2024,4851
15.10.2024,9375
16.10.2024,3410
17.10.2024,2311
18.10.2024,5066
19.10.2024,2273
20.10.2024,9493
21.10.2024,6445
22.10.2024,6730
23.10.2024,3961
24.10.2024,4279
25.10.2024,3479
26.10.2024,2953
27.10.2024,1277
28.10.2024,952
29.10.2024,3767
30.10.2024,3801
31.10.2024,4541
1.11.2024,9057
2.11.2024,10731
3.11.2024,1912
4.11.2024,6457
5.11.2024,8445
6.11.2024,7804
7.11.2024,7515
8.11.2024,7188
9.11.2024,5405
10.11.2024,4214
11.11.2024,6069
12.11.2024,1780
13.11.2024,4135
14.11.2024,5309
15.11.2024,2081
16.11.2024,154